{
    "total_runtime": 572.2008855342865,
    "num_documents": 1,
    "input_load_time": 0,
    "workflows": {
        "create_base_text_units": {
            "overall": 0.3760373592376709,
            "0_orderby": 0.0050373077392578125,
            "1_zip": 0.0049626827239990234,
            "2_aggregate_override": 0.007998466491699219,
            "3_chunk": 0.28067660331726074,
            "4_select": 0.005997657775878906,
            "5_unroll": 0.008997678756713867,
            "6_rename": 0.007002592086791992,
            "7_genid": 0.00805211067199707,
            "8_unzip": 0.009043693542480469,
            "9_copy": 0.007959127426147461,
            "10_filter": 0.025346994400024414
        },
        "create_base_extracted_entities": {
            "overall": 498.6934902667999,
            "0_entity_extract": 498.6664135456085,
            "1_merge_graphs": 0.018438100814819336
        },
        "create_summarized_entities": {
            "overall": 64.34711408615112,
            "0_summarize_descriptions": 64.33739352226257
        },
        "create_base_entity_graph": {
            "overall": 0.05722832679748535,
            "0_cluster_graph": 0.031212806701660156,
            "1_select": 0.014015436172485352
        },
        "create_final_entities": {
            "overall": 5.1949262619018555,
            "0_unpack_graph": 0.014841079711914062,
            "1_rename": 0.01597142219543457,
            "2_select": 0.014033794403076172,
            "3_dedupe": 0.018597126007080078,
            "4_rename": 0.01685619354248047,
            "5_filter": 0.039095401763916016,
            "6_text_split": 0.017138004302978516,
            "7_drop": 0.02004861831665039,
            "8_merge": 0.021270275115966797,
            "9_text_embed": 4.947709560394287,
            "10_drop": 0.01620650291442871,
            "11_filter": 0.04115033149719238
        },
        "create_final_nodes": {
            "overall": 0.35573554039001465,
            "0_layout_graph": 0.02966785430908203,
            "1_unpack_graph": 0.021055221557617188,
            "2_unpack_graph": 0.02394247055053711,
            "3_filter": 0.04976058006286621,
            "4_drop": 0.02377915382385254,
            "5_select": 0.022165298461914062,
            "6_rename": 0.02200937271118164,
            "7_convert": 0.07657718658447266,
            "8_join": 0.04571986198425293,
            "9_rename": 0.0240020751953125
        },
        "create_final_communities": {
            "overall": 0.509192943572998,
            "0_unpack_graph": 0.024522781372070312,
            "1_unpack_graph": 0.024962425231933594,
            "2_aggregate_override": 0.036510467529296875,
            "3_join": 0.03667879104614258,
            "4_join": 0.03540778160095215,
            "5_concat": 0.026402950286865234,
            "6_filter": 0.05669212341308594,
            "7_aggregate_override": 0.030412673950195312,
            "8_join": 0.033945322036743164,
            "9_filter": 0.061302900314331055,
            "10_fill": 0.02968287467956543,
            "11_merge": 0.02899765968322754,
            "12_copy": 0.029009342193603516,
            "13_select": 0.029297351837158203
        },
        "join_text_units_to_entity_ids": {
            "overall": 0.13134551048278809,
            "0_select": 0.030573368072509766,
            "1_unroll": 0.03728055953979492,
            "2_aggregate_override": 0.03563523292541504
        },
        "create_final_relationships": {
            "overall": 0.4218764305114746,
            "0_unpack_graph": 0.03699660301208496,
            "1_filter": 0.06626677513122559,
            "2_rename": 0.031977176666259766,
            "3_filter": 0.07088756561279297,
            "4_drop": 0.03256845474243164,
            "5_compute_edge_combined_degree": 0.040704965591430664,
            "6_convert": 0.07432770729064941,
            "7_convert": 0.034613609313964844
        },
        "join_text_units_to_relationship_ids": {
            "overall": 0.1831367015838623,
            "0_select": 0.037642478942871094,
            "1_unroll": 0.03719663619995117,
            "2_aggregate_override": 0.038056373596191406,
            "3_select": 0.03655815124511719
        }
    }
}