{
    "total_runtime": 2642.2338926792145,
    "num_documents": 1,
    "input_load_time": 0,
    "workflows": {
        "create_base_text_units": {
            "overall": 0.3786792755126953,
            "0_orderby": 0.004999637603759766,
            "1_zip": 0.006005525588989258,
            "2_aggregate_override": 0.009281635284423828,
            "3_chunk": 0.27582359313964844,
            "4_select": 0.007024526596069336,
            "5_unroll": 0.009018659591674805,
            "6_rename": 0.008903026580810547,
            "7_genid": 0.009002447128295898,
            "8_unzip": 0.008997201919555664,
            "9_copy": 0.009000301361083984,
            "10_filter": 0.02666926383972168
        },
        "create_base_extracted_entities": {
            "overall": 0.06811046600341797,
            "0_entity_extract": 0.04411172866821289,
            "1_merge_graphs": 0.014034748077392578
        },
        "create_summarized_entities": {
            "overall": 0.03524041175842285,
            "0_summarize_descriptions": 0.025238513946533203
        },
        "create_base_entity_graph": {
            "overall": 0.0496065616607666,
            "0_cluster_graph": 0.027055740356445312,
            "1_select": 0.012038469314575195
        },
        "create_final_entities": {
            "overall": 0.2859160900115967,
            "0_unpack_graph": 0.013998746871948242,
            "1_rename": 0.014001131057739258,
            "2_select": 0.01400446891784668,
            "3_dedupe": 0.015955448150634766,
            "4_rename": 0.015004873275756836,
            "5_filter": 0.0364222526550293,
            "6_text_split": 0.019965648651123047,
            "7_drop": 0.01604461669921875,
            "8_merge": 0.01995563507080078,
            "9_text_embed": 0.044512271881103516,
            "10_drop": 0.019002437591552734,
            "11_filter": 0.04401397705078125
        },
        "create_final_nodes": {
            "overall": 0.353090763092041,
            "0_layout_graph": 0.025612831115722656,
            "1_unpack_graph": 0.021079063415527344,
            "2_unpack_graph": 0.023682594299316406,
            "3_filter": 0.04556584358215332,
            "4_drop": 0.024077415466308594,
            "5_select": 0.020647048950195312,
            "6_rename": 0.02139568328857422,
            "7_convert": 0.09108567237854004,
            "8_join": 0.031529903411865234,
            "9_rename": 0.024996042251586914
        },
        "create_final_communities": {
            "overall": 0.5065503120422363,
            "0_unpack_graph": 0.025162458419799805,
            "1_unpack_graph": 0.02401590347290039,
            "2_aggregate_override": 0.027380704879760742,
            "3_join": 0.037000417709350586,
            "4_join": 0.03302145004272461,
            "5_concat": 0.024553298950195312,
            "6_filter": 0.05902218818664551,
            "7_aggregate_override": 0.030644893646240234,
            "8_join": 0.03299713134765625,
            "9_filter": 0.06419944763183594,
            "10_fill": 0.02721858024597168,
            "11_merge": 0.028843402862548828,
            "12_copy": 0.029352903366088867,
            "13_select": 0.0401003360748291
        },
        "join_text_units_to_entity_ids": {
            "overall": 0.1294858455657959,
            "0_select": 0.03503990173339844,
            "1_unroll": 0.03245234489440918,
            "2_aggregate_override": 0.03397250175476074
        },
        "create_final_relationships": {
            "overall": 0.41645002365112305,
            "0_unpack_graph": 0.032967567443847656,
            "1_filter": 0.07264876365661621,
            "2_rename": 0.030979156494140625,
            "3_filter": 0.06958556175231934,
            "4_drop": 0.03200078010559082,
            "5_compute_edge_combined_degree": 0.03933358192443848,
            "6_convert": 0.06934022903442383,
            "7_convert": 0.04055619239807129
        },
        "join_text_units_to_relationship_ids": {
            "overall": 0.2250535488128662,
            "0_select": 0.07110595703125,
            "1_unroll": 0.043646812438964844,
            "2_aggregate_override": 0.03775215148925781,
            "3_select": 0.037691593170166016
        },
        "create_final_community_reports": {
            "overall": 2635.1699657440186,
            "0_prepare_community_reports_nodes": 0.04238390922546387,
            "1_prepare_community_reports_edges": 0.041605472564697266,
            "2_restore_community_hierarchy": 0.03999972343444824,
            "3_prepare_community_reports": 0.06771159172058105,
            "4_create_community_reports": 2634.864444255829,
            "5_window": 0.07682228088378906
        },
        "create_final_text_units": {
            "overall": 0.3405144214630127,
            "0_select": 0.05000591278076172,
            "1_rename": 0.045752763748168945,
            "2_join": 0.05861353874206543,
            "3_join": 0.04918169975280762,
            "4_aggregate_override": 0.05267143249511719,
            "5_select": 0.04533576965332031
        },
        "create_base_documents": {
            "overall": 0.5763423442840576,
            "0_unroll": 0.04533195495605469,
            "1_select": 0.04673886299133301,
            "2_rename": 0.04333853721618652,
            "3_join": 0.05139422416687012,
            "4_aggregate_override": 0.04981374740600586,
            "5_join": 0.05529665946960449,
            "6_rename": 0.04524540901184082,
            "7_convert": 0.19572734832763672
        },
        "create_final_documents": {
            "overall": 0.09679293632507324,
            "0_rename": 0.05017995834350586
        }
    }
}